survey_no,routeID,route_no,survey.starting,Date,Year,Month,time_point,total_count,CNR,Lat,Lon,CNR_c,time_point_c,Month_c,Lat_c,Lon_c
1,Sidghora,1,2014-05-06T06:11:00Z,2014-05-06,2014,5,1,107,1,22.802352,86.231547,0.298780487804878,-4.28834355828221,-4.07317073170732,0.00255600609756002,0.0222437987804938
2,Bistupur,2,2014-05-06T05:54:00Z,2014-05-06,2014,5,1,73,1,22.791121,86.179624,0.298780487804878,-4.28834355828221,-4.07317073170732,-0.00867499390243864,-0.0296792012195084
3,Sonari,3,2014-05-06T06:06:00Z,2014-05-06,2014,5,1,91,1,22.819303,86.173785,0.298780487804878,-4.28834355828221,-4.07317073170732,0.0195070060975624,-0.0355182012195172
4,Mango II,4,2014-05-07T06:10:00Z,2014-05-07,2014,5,1,237,0,22.830661,86.230961,-0.701219512195122,-4.28834355828221,-4.07317073170732,0.0308650060975602,0.0216577987804811
5,Telco,5,2014-05-07T06:00:00Z,2014-05-07,2014,5,1,116,1,22.781598,86.232524,0.298780487804878,-4.28834355828221,-4.07317073170732,-0.0181979939024401,0.0232207987804856
6,Jugsalai,6,2014-05-07T05:45:00Z,2014-05-07,2014,5,1,75,1,22.763927,86.18805,0.298780487804878,-4.28834355828221,-4.07317073170732,-0.0358689939024401,-0.0212532012195084
7,Mango I,7,2014-05-07T06:00:00Z,2014-05-07,2014,5,1,145,0,22.830661,86.230961,-0.701219512195122,-4.28834355828221,-4.07317073170732,0.0308650060975602,0.0216577987804811
8,Golmuri,8,2014-05-08T06:15:00Z,2014-05-08,2014,5,1,127,1,22.796953,86.216913,0.298780487804878,-4.28834355828221,-4.07317073170732,-0.00284299390244058,0.00760979878049284
9,Baridih,9,2014-05-08T06:15:00Z,2014-05-08,2014,5,1,89,1,22.805245,86.251201,0.298780487804878,-4.28834355828221,-4.07317073170732,0.00544900609756027,0.0418977987804823
10,Adityapur,10,2014-05-08T07:30:00Z,2014-05-08,2014,5,1,106,0,22.78303,86.151335,-0.701219512195122,-4.28834355828221,-4.07317073170732,-0.0167659939024389,-0.0579682012195093
11,Jugsalai,6,2014-05-09T05:45:00Z,2014-05-09,2014,5,1,161,1,22.763927,86.18805,0.298780487804878,-4.28834355828221,-4.07317073170732,-0.0358689939024401,-0.0212532012195084
12,Mango II,4,2014-05-09T05:50:00Z,2014-05-09,2014,5,1,204,0,22.830661,86.230961,-0.701219512195122,-4.28834355828221,-4.07317073170732,0.0308650060975602,0.0216577987804811
13,Baridih,9,2014-11-04T06:47:00Z,2014-11-04,2014,11,2,161,1,22.805245,86.251201,0.298780487804878,-3.28834355828221,1.92682926829268,0.00544900609756027,0.0418977987804823
14,Telco,5,2014-11-04T07:56:00Z,2014-11-04,2014,11,2,147,1,22.781598,86.232524,0.298780487804878,-3.28834355828221,1.92682926829268,-0.0181979939024401,0.0232207987804856
15,Golmuri,8,2014-11-04T06:58:00Z,2014-11-04,2014,11,2,139,1,22.796953,86.216913,0.298780487804878,-3.28834355828221,1.92682926829268,-0.00284299390244058,0.00760979878049284
16,Baridih,9,2014-11-05T06:49:00Z,2014-11-05,2014,11,2,155,1,22.805245,86.251201,0.298780487804878,-3.28834355828221,1.92682926829268,0.00544900609756027,0.0418977987804823
17,Telco,5,2014-11-05T07:49:00Z,2014-11-05,2014,11,2,152,1,22.781598,86.232524,0.298780487804878,-3.28834355828221,1.92682926829268,-0.0181979939024401,0.0232207987804856
18,Adityapur,10,2014-11-07T06:35:00Z,2014-11-07,2014,11,2,113,0,22.78303,86.151335,-0.701219512195122,-3.28834355828221,1.92682926829268,-0.0167659939024389,-0.0579682012195093
19,Golmuri,8,2014-11-05T06:58:00Z,2014-11-05,2014,11,2,120,1,22.796953,86.216913,0.298780487804878,-3.28834355828221,1.92682926829268,-0.00284299390244058,0.00760979878049284
20,Bistupur,2,2014-11-06T06:40:00Z,2014-11-06,2014,11,2,98,1,22.791121,86.179624,0.298780487804878,-3.28834355828221,1.92682926829268,-0.00867499390243864,-0.0296792012195084
21,Bistupur,2,2014-11-07T06:18:00Z,2014-11-07,2014,11,2,104,1,22.791121,86.179624,0.298780487804878,-3.28834355828221,1.92682926829268,-0.00867499390243864,-0.0296792012195084
22,Mango I,7,2014-11-08T06:40:00Z,2014-11-08,2014,11,2,181,0,22.830661,86.230961,-0.701219512195122,-3.28834355828221,1.92682926829268,0.0308650060975602,0.0216577987804811
23,Mango II,4,2014-11-08T06:19:00Z,2014-11-08,2014,11,2,215,0,22.830661,86.230961,-0.701219512195122,-3.28834355828221,1.92682926829268,0.0308650060975602,0.0216577987804811
24,Adityapur,10,2014-11-08T06:48:00Z,2014-11-08,2014,11,2,146,0,22.78303,86.151335,-0.701219512195122,-3.28834355828221,1.92682926829268,-0.0167659939024389,-0.0579682012195093
25,Sonari,3,2014-11-10T06:39:00Z,2014-11-10,2014,11,2,100,1,22.819303,86.173785,0.298780487804878,-3.28834355828221,1.92682926829268,0.0195070060975624,-0.0355182012195172
26,Mango I,7,2014-11-09T06:38:00Z,2014-11-09,2014,11,2,214,0,22.830661,86.230961,-0.701219512195122,-3.28834355828221,1.92682926829268,0.0308650060975602,0.0216577987804811
27,Jugsalai,6,2014-11-09T06:36:00Z,2014-11-09,2014,11,2,166,1,22.763927,86.18805,0.298780487804878,-3.28834355828221,1.92682926829268,-0.0358689939024401,-0.0212532012195084
28,Jugsalai,6,2014-11-10T06:25:00Z,2014-11-10,2014,11,2,158,1,22.763927,86.18805,0.298780487804878,-3.28834355828221,1.92682926829268,-0.0358689939024401,-0.0212532012195084
29,Mango II,4,2014-11-09T06:20:00Z,2014-11-09,2014,11,2,217,0,22.830661,86.230961,-0.701219512195122,-3.28834355828221,1.92682926829268,0.0308650060975602,0.0216577987804811
30,Sidghora,1,2014-11-12T07:05:00Z,2014-11-12,2014,11,2,112,1,22.802352,86.231547,0.298780487804878,-3.28834355828221,1.92682926829268,0.00255600609756002,0.0222437987804938
31,Sidghora,1,2014-11-13T07:19:00Z,2014-11-13,2014,11,2,109,1,22.802352,86.231547,0.298780487804878,-3.28834355828221,1.92682926829268,0.00255600609756002,0.0222437987804938
32,Golmuri,8,2015-05-11T05:53:00Z,2015-05-11,2015,5,3,117,1,22.796953,86.216913,0.298780487804878,-2.28834355828221,-4.07317073170732,-0.00284299390244058,0.00760979878049284
33,Golmuri,8,2015-05-12T05:59:00Z,2015-05-12,2015,5,3,133,1,22.796953,86.216913,0.298780487804878,-2.28834355828221,-4.07317073170732,-0.00284299390244058,0.00760979878049284
34,Bistupur,2,2015-05-13T05:31:00Z,2015-05-13,2015,5,3,108,1,22.791121,86.179624,0.298780487804878,-2.28834355828221,-4.07317073170732,-0.00867499390243864,-0.0296792012195084
35,Telco,5,2015-05-11T06:00:00Z,2015-05-11,2015,5,3,83,1,22.781598,86.232524,0.298780487804878,-2.28834355828221,-4.07317073170732,-0.0181979939024401,0.0232207987804856
36,Telco,5,2015-05-12T06:00:00Z,2015-05-12,2015,5,3,87,1,22.781598,86.232524,0.298780487804878,-2.28834355828221,-4.07317073170732,-0.0181979939024401,0.0232207987804856
37,Jugsalai,6,2015-05-13T05:47:00Z,2015-05-13,2015,5,3,139,1,22.763927,86.18805,0.298780487804878,-2.28834355828221,-4.07317073170732,-0.0358689939024401,-0.0212532012195084
40,Jugsalai,6,2015-05-14T05:33:00Z,2015-05-14,2015,5,3,149,1,22.763927,86.18805,0.298780487804878,-2.28834355828221,-4.07317073170732,-0.0358689939024401,-0.0212532012195084
41,Baridih,9,2015-05-15T05:40:00Z,2015-05-15,2015,5,3,144,1,22.805245,86.251201,0.298780487804878,-2.28834355828221,-4.07317073170732,0.00544900609756027,0.0418977987804823
42,Baridih,9,2015-05-16T05:46:00Z,2015-05-16,2015,5,3,138,1,22.805245,86.251201,0.298780487804878,-2.28834355828221,-4.07317073170732,0.00544900609756027,0.0418977987804823
43,Sonari,3,2015-05-17T05:28:00Z,2015-05-17,2015,5,3,123,1,22.819303,86.173785,0.298780487804878,-2.28834355828221,-4.07317073170732,0.0195070060975624,-0.0355182012195172
44,Sonari,3,2015-05-18T05:35:00Z,2015-05-18,2015,5,3,111,1,22.819303,86.173785,0.298780487804878,-2.28834355828221,-4.07317073170732,0.0195070060975624,-0.0355182012195172
45,Sidghora,1,2015-05-15T05:25:00Z,2015-05-15,2015,5,3,121,1,22.802352,86.231547,0.298780487804878,-2.28834355828221,-4.07317073170732,0.00255600609756002,0.0222437987804938
46,Bistupur,2,2015-05-14T05:27:00Z,2015-05-14,2015,5,3,113,1,22.791121,86.179624,0.298780487804878,-2.28834355828221,-4.07317073170732,-0.00867499390243864,-0.0296792012195084
47,Sidghora,1,2015-05-16T06:23:00Z,2015-05-16,2015,5,3,134,1,22.802352,86.231547,0.298780487804878,-2.28834355828221,-4.07317073170732,0.00255600609756002,0.0222437987804938
48,Mango I,7,2015-05-17T05:30:00Z,2015-05-17,2015,5,3,195,0,22.830661,86.230961,-0.701219512195122,-2.28834355828221,-4.07317073170732,0.0308650060975602,0.0216577987804811
49,Mango I,7,2015-05-18T05:30:00Z,2015-05-18,2015,5,3,0,0,22.830661,86.230961,-0.701219512195122,-2.28834355828221,-4.07317073170732,0.0308650060975602,0.0216577987804811
50,Mango II,4,2015-05-19T05:30:00Z,2015-05-19,2015,5,3,0,0,22.830661,86.230961,-0.701219512195122,-2.28834355828221,-4.07317073170732,0.0308650060975602,0.0216577987804811
51,Mango II,4,2015-05-20T05:30:00Z,2015-05-20,2015,5,3,308,0,22.830661,86.230961,-0.701219512195122,-2.28834355828221,-4.07317073170732,0.0308650060975602,0.0216577987804811
53,Adityapur,10,2015-05-20T05:45:00Z,2015-05-20,2015,5,3,139,0,22.78303,86.151335,-0.701219512195122,-2.28834355828221,-4.07317073170732,-0.0167659939024389,-0.0579682012195093
54,Adityapur,10,2015-05-19T05:41:00Z,2015-05-19,2015,5,3,0,0,22.78303,86.151335,-0.701219512195122,-2.28834355828221,-4.07317073170732,-0.0167659939024389,-0.0579682012195093
56,Sidghora,1,2015-11-07T07:04:00Z,2015-11-07,2015,11,4,120,1,22.802352,86.231547,0.298780487804878,-1.28834355828221,1.92682926829268,0.00255600609756002,0.0222437987804938
57,Sidghora,1,2015-11-08T07:04:00Z,2015-11-08,2015,11,4,128,1,22.802352,86.231547,0.298780487804878,-1.28834355828221,1.92682926829268,0.00255600609756002,0.0222437987804938
58,Telco,5,2015-11-09T07:48:00Z,2015-11-09,2015,11,4,134,1,22.781598,86.232524,0.298780487804878,-1.28834355828221,1.92682926829268,-0.0181979939024401,0.0232207987804856
59,Telco,5,2015-11-10T07:49:00Z,2015-11-10,2015,11,4,118,1,22.781598,86.232524,0.298780487804878,-1.28834355828221,1.92682926829268,-0.0181979939024401,0.0232207987804856
64,Baridih,9,2015-11-11T06:46:00Z,2015-11-11,2015,11,4,135,1,22.805245,86.251201,0.298780487804878,-1.28834355828221,1.92682926829268,0.00544900609756027,0.0418977987804823
65,Bistupur,2,2015-11-11T06:18:00Z,2015-11-11,2015,11,4,113,1,22.791121,86.179624,0.298780487804878,-1.28834355828221,1.92682926829268,-0.00867499390243864,-0.0296792012195084
66,Golmuri,8,2015-11-12T06:58:00Z,2015-11-12,2015,11,4,144,1,22.796953,86.216913,0.298780487804878,-1.28834355828221,1.92682926829268,-0.00284299390244058,0.00760979878049284
67,Golmuri,8,2015-11-12T06:58:00Z,2015-11-12,2015,11,4,110,1,22.796953,86.216913,0.298780487804878,-1.28834355828221,1.92682926829268,-0.00284299390244058,0.00760979878049284
68,Bistupur,2,2015-11-12T06:18:00Z,2015-11-12,2015,11,4,95,1,22.791121,86.179624,0.298780487804878,-1.28834355828221,1.92682926829268,-0.00867499390243864,-0.0296792012195084
69,Baridih,9,2015-11-12T06:47:00Z,2015-11-12,2015,11,4,139,1,22.805245,86.251201,0.298780487804878,-1.28834355828221,1.92682926829268,0.00544900609756027,0.0418977987804823
70,Mango I,7,2015-11-13T06:38:00Z,2015-11-13,2015,11,4,243,0,22.830661,86.230961,-0.701219512195122,-1.28834355828221,1.92682926829268,0.0308650060975602,0.0216577987804811
71,Golmuri,8,2015-11-13T06:58:00Z,2015-11-13,2015,11,4,144,1,22.796953,86.216913,0.298780487804878,-1.28834355828221,1.92682926829268,-0.00284299390244058,0.00760979878049284
72,Golmuri,8,2015-11-13T06:58:00Z,2015-11-13,2015,11,4,195,1,22.796953,86.216913,0.298780487804878,-1.28834355828221,1.92682926829268,-0.00284299390244058,0.00760979878049284
73,Mango II,4,2015-11-13T06:19:00Z,2015-11-13,2015,11,4,192,0,22.830661,86.230961,-0.701219512195122,-1.28834355828221,1.92682926829268,0.0308650060975602,0.0216577987804811
74,Mango I,7,2015-11-14T06:38:00Z,2015-11-14,2015,11,4,253,0,22.830661,86.230961,-0.701219512195122,-1.28834355828221,1.92682926829268,0.0308650060975602,0.0216577987804811
75,Mango II,4,2015-11-14T06:19:00Z,2015-11-14,2015,11,4,178,0,22.830661,86.230961,-0.701219512195122,-1.28834355828221,1.92682926829268,0.0308650060975602,0.0216577987804811
76,Jugsalai,6,2015-11-14T06:25:00Z,2015-11-14,2015,11,4,174,1,22.763927,86.18805,0.298780487804878,-1.28834355828221,1.92682926829268,-0.0358689939024401,-0.0212532012195084
77,Adityapur,10,2015-11-15T06:35:00Z,2015-11-15,2015,11,4,165,0,22.78303,86.151335,-0.701219512195122,-1.28834355828221,1.92682926829268,-0.0167659939024389,-0.0579682012195093
78,Jugsalai,6,2015-11-15T06:25:00Z,2015-11-15,2015,11,4,212,1,22.763927,86.18805,0.298780487804878,-1.28834355828221,1.92682926829268,-0.0358689939024401,-0.0212532012195084
79,Sonari,3,2015-11-15T06:39:00Z,2015-11-15,2015,11,4,172,1,22.819303,86.173785,0.298780487804878,-1.28834355828221,1.92682926829268,0.0195070060975624,-0.0355182012195172
80,Sonari,3,2015-11-16T06:39:00Z,2015-11-16,2015,11,4,142,1,22.819303,86.173785,0.298780487804878,-1.28834355828221,1.92682926829268,0.0195070060975624,-0.0355182012195172
81,Adityapur,10,2015-11-16T06:35:00Z,2015-11-16,2015,11,4,177,0,22.78303,86.151335,-0.701219512195122,-1.28834355828221,1.92682926829268,-0.0167659939024389,-0.0579682012195093
82,Sidghora,1,2016-05-10T05:30:00Z,2016-05-10,2016,5,5,115,1,22.802352,86.231547,0.298780487804878,-0.288343558282208,-4.07317073170732,0.00255600609756002,0.0222437987804938
83,Sidghora,1,2016-05-11T05:30:00Z,2016-05-11,2016,5,5,99,1,22.802352,86.231547,0.298780487804878,-0.288343558282208,-4.07317073170732,0.00255600609756002,0.0222437987804938
84,Bistupur,2,2016-05-18T05:29:00Z,2016-05-18,2016,5,5,98,1,22.791121,86.179624,0.298780487804878,-0.288343558282208,-4.07317073170732,-0.00867499390243864,-0.0296792012195084
85,Mango II,4,2016-05-16T05:34:00Z,2016-05-16,2016,5,5,175,0,22.830661,86.230961,-0.701219512195122,-0.288343558282208,-4.07317073170732,0.0308650060975602,0.0216577987804811
86,Mango II,4,2016-05-17T05:35:00Z,2016-05-17,2016,5,5,143,0,22.830661,86.230961,-0.701219512195122,-0.288343558282208,-4.07317073170732,0.0308650060975602,0.0216577987804811
87,Telco,5,2016-05-12T05:29:00Z,2016-05-12,2016,5,5,121,1,22.781598,86.232524,0.298780487804878,-0.288343558282208,-4.07317073170732,-0.0181979939024401,0.0232207987804856
88,Mango I,7,2016-05-16T05:36:00Z,2016-05-16,2016,5,5,266,0,22.830661,86.230961,-0.701219512195122,-0.288343558282208,-4.07317073170732,0.0308650060975602,0.0216577987804811
89,Mango I,7,2016-05-17T05:35:00Z,2016-05-17,2016,5,5,277,0,22.830661,86.230961,-0.701219512195122,-0.288343558282208,-4.07317073170732,0.0308650060975602,0.0216577987804811
90,Telco,5,2016-05-13T05:29:00Z,2016-05-13,2016,5,5,132,1,22.781598,86.232524,0.298780487804878,-0.288343558282208,-4.07317073170732,-0.0181979939024401,0.0232207987804856
91,Golmuri,8,2016-05-14T05:36:00Z,2016-05-14,2016,5,5,161,1,22.796953,86.216913,0.298780487804878,-0.288343558282208,-4.07317073170732,-0.00284299390244058,0.00760979878049284
92,Golmuri,8,2016-05-15T05:29:00Z,2016-05-15,2016,5,5,139,1,22.796953,86.216913,0.298780487804878,-0.288343558282208,-4.07317073170732,-0.00284299390244058,0.00760979878049284
97,Adityapur,10,2016-05-20T05:29:00Z,2016-05-20,2016,5,5,203,0,22.78303,86.151335,-0.701219512195122,-0.288343558282208,-4.07317073170732,-0.0167659939024389,-0.0579682012195093
98,Sonari,3,2016-05-20T05:42:00Z,2016-05-20,2016,5,5,123,1,22.819303,86.173785,0.298780487804878,-0.288343558282208,-4.07317073170732,0.0195070060975624,-0.0355182012195172
99,Bistupur,2,2016-05-19T05:29:00Z,2016-05-19,2016,5,5,107,1,22.791121,86.179624,0.298780487804878,-0.288343558282208,-4.07317073170732,-0.00867499390243864,-0.0296792012195084
100,Baridih,9,2016-05-16T05:31:00Z,2016-05-16,2016,5,5,116,1,22.805245,86.251201,0.298780487804878,-0.288343558282208,-4.07317073170732,0.00544900609756027,0.0418977987804823
101,Baridih,9,2016-05-19T05:30:00Z,2016-05-19,2016,5,5,111,1,22.805245,86.251201,0.298780487804878,-0.288343558282208,-4.07317073170732,0.00544900609756027,0.0418977987804823
102,Jugsalai,6,2016-05-20T05:30:00Z,2016-05-20,2016,5,5,132,1,22.763927,86.18805,0.298780487804878,-0.288343558282208,-4.07317073170732,-0.0358689939024401,-0.0212532012195084
103,Adityapur,10,2016-05-21T05:29:00Z,2016-05-21,2016,5,5,223,0,22.78303,86.151335,-0.701219512195122,-0.288343558282208,-4.07317073170732,-0.0167659939024389,-0.0579682012195093
104,Sonari,3,2016-05-21T05:30:00Z,2016-05-21,2016,5,5,125,1,22.819303,86.173785,0.298780487804878,-0.288343558282208,-4.07317073170732,0.0195070060975624,-0.0355182012195172
105,Jugsalai,6,2016-05-21T05:30:00Z,2016-05-21,2016,5,5,171,1,22.763927,86.18805,0.298780487804878,-0.288343558282208,-4.07317073170732,-0.0358689939024401,-0.0212532012195084
106,Baridih,9,2016-07-01T05:29:00Z,2016-07-01,2016,7,,93,1,22.805245,86.251201,0.298780487804878,,-2.07317073170732,0.00544900609756027,0.0418977987804823
107,Sidghora,1,2016-10-31T07:04:00Z,2016-10-31,2016,11,6,115,1,22.802352,86.231547,0.298780487804878,0.711656441717792,1.92682926829268,0.00255600609756002,0.0222437987804938
108,Sidghora,1,2016-11-01T07:04:00Z,2016-11-01,2016,11,6,110,1,22.802352,86.231547,0.298780487804878,0.711656441717792,1.92682926829268,0.00255600609756002,0.0222437987804938
109,Bistupur,2,2016-11-04T06:17:00Z,2016-11-04,2016,11,6,111,1,22.791121,86.179624,0.298780487804878,0.711656441717792,1.92682926829268,-0.00867499390243864,-0.0296792012195084
110,Bistupur,2,2016-11-05T06:18:00Z,2016-11-05,2016,11,6,131,1,22.791121,86.179624,0.298780487804878,0.711656441717792,1.92682926829268,-0.00867499390243864,-0.0296792012195084
111,Sonari,3,2016-11-03T06:39:00Z,2016-11-03,2016,11,6,129,1,22.819303,86.173785,0.298780487804878,0.711656441717792,1.92682926829268,0.0195070060975624,-0.0355182012195172
112,Sonari,3,2016-11-04T06:39:00Z,2016-11-04,2016,11,6,143,1,22.819303,86.173785,0.298780487804878,0.711656441717792,1.92682926829268,0.0195070060975624,-0.0355182012195172
113,Mango II,4,2016-11-05T06:19:00Z,2016-11-05,2016,11,6,168,0,22.830661,86.230961,-0.701219512195122,0.711656441717792,1.92682926829268,0.0308650060975602,0.0216577987804811
114,Mango II,4,2016-11-06T06:19:00Z,2016-11-06,2016,11,6,176,0,22.830661,86.230961,-0.701219512195122,0.711656441717792,1.92682926829268,0.0308650060975602,0.0216577987804811
115,Telco,5,2016-11-02T07:48:00Z,2016-11-02,2016,11,6,120,1,22.781598,86.232524,0.298780487804878,0.711656441717792,1.92682926829268,-0.0181979939024401,0.0232207987804856
116,Telco,5,2016-11-03T07:48:00Z,2016-11-03,2016,11,6,126,1,22.781598,86.232524,0.298780487804878,0.711656441717792,1.92682926829268,-0.0181979939024401,0.0232207987804856
118,Mango I,7,2016-11-05T06:37:00Z,2016-11-05,2016,11,6,144,0,22.830661,86.230961,-0.701219512195122,0.711656441717792,1.92682926829268,0.0308650060975602,0.0216577987804811
119,Mango I,7,2016-11-06T06:37:00Z,2016-11-06,2016,11,6,180,0,22.830661,86.230961,-0.701219512195122,0.711656441717792,1.92682926829268,0.0308650060975602,0.0216577987804811
121,Golmuri,8,2016-11-02T06:58:00Z,2016-11-02,2016,11,6,113,1,22.796953,86.216913,0.298780487804878,0.711656441717792,1.92682926829268,-0.00284299390244058,0.00760979878049284
122,Baridih,9,2016-11-01T06:47:00Z,2016-11-01,2016,11,6,132,1,22.805245,86.251201,0.298780487804878,0.711656441717792,1.92682926829268,0.00544900609756027,0.0418977987804823
123,Baridih,9,2016-11-02T06:46:00Z,2016-11-02,2016,11,6,132,1,22.805245,86.251201,0.298780487804878,0.711656441717792,1.92682926829268,0.00544900609756027,0.0418977987804823
124,Adityapur,10,2016-11-03T06:34:00Z,2016-11-03,2016,11,6,147,0,22.78303,86.151335,-0.701219512195122,0.711656441717792,1.92682926829268,-0.0167659939024389,-0.0579682012195093
125,Adityapur,10,2016-11-04T06:34:00Z,2016-11-04,2016,11,6,159,0,22.78303,86.151335,-0.701219512195122,0.711656441717792,1.92682926829268,-0.0167659939024389,-0.0579682012195093
126,Jugsalai,6,2016-11-08T06:24:00Z,2016-11-08,2016,11,6,237,1,22.763927,86.18805,0.298780487804878,0.711656441717792,1.92682926829268,-0.0358689939024401,-0.0212532012195084
127,Jugsalai,6,2016-11-07T06:24:00Z,2016-11-07,2016,11,6,184,1,22.763927,86.18805,0.298780487804878,0.711656441717792,1.92682926829268,-0.0358689939024401,-0.0212532012195084
128,Jugsalai,6,2016-11-09T06:25:00Z,2016-11-09,2016,11,6,234,1,22.763927,86.18805,0.298780487804878,0.711656441717792,1.92682926829268,-0.0358689939024401,-0.0212532012195084
129,Mango I,7,2016-11-10T06:37:00Z,2016-11-10,2016,11,6,212,0,22.830661,86.230961,-0.701219512195122,0.711656441717792,1.92682926829268,0.0308650060975602,0.0216577987804811
130,Mango I,7,2016-11-12T06:38:00Z,2016-11-12,2016,11,6,216,0,22.830661,86.230961,-0.701219512195122,0.711656441717792,1.92682926829268,0.0308650060975602,0.0216577987804811
132,Sidghora,1,2017-11-04T06:59:00Z,2017-11-04,2017,11,8,131,1,22.802352,86.231547,0.298780487804878,2.71165644171779,1.92682926829268,0.00255600609756002,0.0222437987804938
135,Bistupur,2,2017-11-10T06:15:00Z,2017-11-10,2017,11,8,88,1,22.791121,86.179624,0.298780487804878,2.71165644171779,1.92682926829268,-0.00867499390243864,-0.0296792012195084
136,Sonari,3,2017-11-08T06:40:00Z,2017-11-08,2017,11,8,181,1,22.819303,86.173785,0.298780487804878,2.71165644171779,1.92682926829268,0.0195070060975624,-0.0355182012195172
137,Sonari,3,2017-11-09T06:40:00Z,2017-11-09,2017,11,8,175,1,22.819303,86.173785,0.298780487804878,2.71165644171779,1.92682926829268,0.0195070060975624,-0.0355182012195172
138,Mango II,4,2017-11-06T06:20:00Z,2017-11-06,2017,11,8,159,0,22.830661,86.230961,-0.701219512195122,2.71165644171779,1.92682926829268,0.0308650060975602,0.0216577987804811
139,Mango II,4,2017-11-07T06:20:00Z,2017-11-07,2017,11,8,143,0,22.830661,86.230961,-0.701219512195122,2.71165644171779,1.92682926829268,0.0308650060975602,0.0216577987804811
140,Telco,5,2017-11-08T07:45:00Z,2017-11-08,2017,11,8,145,1,22.781598,86.232524,0.298780487804878,2.71165644171779,1.92682926829268,-0.0181979939024401,0.0232207987804856
141,Telco,5,2017-11-09T07:45:00Z,2017-11-09,2017,11,8,122,1,22.781598,86.232524,0.298780487804878,2.71165644171779,1.92682926829268,-0.0181979939024401,0.0232207987804856
143,Adityapur,10,2017-11-08T06:35:00Z,2017-11-08,2017,11,8,132,0,22.78303,86.151335,-0.701219512195122,2.71165644171779,1.92682926829268,-0.0167659939024389,-0.0579682012195093
144,Adityapur,10,2017-11-09T06:35:00Z,2017-11-09,2017,11,8,143,0,22.78303,86.151335,-0.701219512195122,2.71165644171779,1.92682926829268,-0.0167659939024389,-0.0579682012195093
145,Mango I,7,2017-11-06T06:29:00Z,2017-11-06,2017,11,8,257,0,22.830661,86.230961,-0.701219512195122,2.71165644171779,1.92682926829268,0.0308650060975602,0.0216577987804811
146,Mango I,7,2017-11-07T06:29:00Z,2017-11-07,2017,11,8,267,0,22.830661,86.230961,-0.701219512195122,2.71165644171779,1.92682926829268,0.0308650060975602,0.0216577987804811
150,Golmuri,8,2016-11-01T06:58:00Z,2016-11-01,2016,11,6,0,1,22.796953,86.216913,0.298780487804878,0.711656441717792,1.92682926829268,-0.00284299390244058,0.00760979878049284
151,Baridih,9,2017-11-06T06:45:00Z,2017-11-06,2017,11,8,153,1,22.805245,86.251201,0.298780487804878,2.71165644171779,1.92682926829268,0.00544900609756027,0.0418977987804823
152,Baridih,9,2017-11-07T06:45:00Z,2017-11-07,2017,11,8,138,1,22.805245,86.251201,0.298780487804878,2.71165644171779,1.92682926829268,0.00544900609756027,0.0418977987804823
153,Golmuri,8,2017-11-04T06:56:00Z,2017-11-04,2017,11,8,124,1,22.796953,86.216913,0.298780487804878,2.71165644171779,1.92682926829268,-0.00284299390244058,0.00760979878049284
154,Golmuri,8,2017-11-05T06:55:00Z,2017-11-05,2017,11,8,114,1,22.796953,86.216913,0.298780487804878,2.71165644171779,1.92682926829268,-0.00284299390244058,0.00760979878049284
155,Bistupur,2,2017-11-11T06:16:00Z,2017-11-11,2017,11,8,93,1,22.791121,86.179624,0.298780487804878,2.71165644171779,1.92682926829268,-0.00867499390243864,-0.0296792012195084
156,Telco,5,2017-11-12T07:43:00Z,2017-11-12,2017,11,8,154,1,22.781598,86.232524,0.298780487804878,2.71165644171779,1.92682926829268,-0.0181979939024401,0.0232207987804856
158,Jugsalai,6,2017-11-11T06:25:00Z,2017-11-11,2017,11,8,210,1,22.763927,86.18805,0.298780487804878,2.71165644171779,1.92682926829268,-0.0358689939024401,-0.0212532012195084
159,Sidghora,1,2017-11-10T06:59:00Z,2017-11-10,2017,11,8,136,1,22.802352,86.231547,0.298780487804878,2.71165644171779,1.92682926829268,0.00255600609756002,0.0222437987804938
164,Jugsalai,6,2017-11-10T06:25:00Z,2017-11-10,2017,11,8,187,1,22.763927,86.18805,0.298780487804878,2.71165644171779,1.92682926829268,-0.0358689939024401,-0.0212532012195084
165,Jugsalai,6,2017-11-12T06:25:00Z,2017-11-12,2017,11,8,248,1,22.763927,86.18805,0.298780487804878,2.71165644171779,1.92682926829268,-0.0358689939024401,-0.0212532012195084
166,Sidghora,1,2018-12-15T06:59:00Z,2018-12-15,2018,11,10,123,1,22.802352,86.231547,0.298780487804878,4.71165644171779,1.92682926829268,0.00255600609756002,0.0222437987804938
167,Sidghora,1,2018-12-16T06:59:00Z,2018-12-16,2018,11,10,133,1,22.802352,86.231547,0.298780487804878,4.71165644171779,1.92682926829268,0.00255600609756002,0.0222437987804938
168,Golmuri,8,2018-12-15T06:45:00Z,2018-12-15,2018,11,10,165,1,22.796953,86.216913,0.298780487804878,4.71165644171779,1.92682926829268,-0.00284299390244058,0.00760979878049284
169,Golmuri,8,2018-12-16T06:45:00Z,2018-12-16,2018,11,10,159,1,22.796953,86.216913,0.298780487804878,4.71165644171779,1.92682926829268,-0.00284299390244058,0.00760979878049284
170,Baridih,9,2018-12-15T06:45:00Z,2018-12-15,2018,11,10,1,1,22.805245,86.251201,0.298780487804878,4.71165644171779,1.92682926829268,0.00544900609756027,0.0418977987804823
171,Baridih,9,2018-12-16T06:45:00Z,2018-12-16,2018,11,10,147,1,22.805245,86.251201,0.298780487804878,4.71165644171779,1.92682926829268,0.00544900609756027,0.0418977987804823
172,Bistupur,2,2018-12-19T06:15:00Z,2018-12-19,2018,11,10,90,1,22.791121,86.179624,0.298780487804878,4.71165644171779,1.92682926829268,-0.00867499390243864,-0.0296792012195084
173,Bistupur,2,2018-12-20T06:15:00Z,2018-12-20,2018,11,10,109,1,22.791121,86.179624,0.298780487804878,4.71165644171779,1.92682926829268,-0.00867499390243864,-0.0296792012195084
174,Adityapur,10,2018-12-19T06:35:00Z,2018-12-19,2018,11,10,165,0,22.78303,86.151335,-0.701219512195122,4.71165644171779,1.92682926829268,-0.0167659939024389,-0.0579682012195093
175,Adityapur,10,2018-12-20T06:35:00Z,2018-12-20,2018,11,10,215,0,22.78303,86.151335,-0.701219512195122,4.71165644171779,1.92682926829268,-0.0167659939024389,-0.0579682012195093
176,Jugsalai,6,2018-12-19T06:25:00Z,2018-12-19,2018,11,10,206,1,22.763927,86.18805,0.298780487804878,4.71165644171779,1.92682926829268,-0.0358689939024401,-0.0212532012195084
177,Jugsalai,6,2018-12-20T06:35:00Z,2018-12-20,2018,11,10,171,1,22.763927,86.18805,0.298780487804878,4.71165644171779,1.92682926829268,-0.0358689939024401,-0.0212532012195084
178,Bistupur,2,2018-12-21T06:15:00Z,2018-12-21,2018,11,10,99,1,22.791121,86.179624,0.298780487804878,4.71165644171779,1.92682926829268,-0.00867499390243864,-0.0296792012195084
179,Jugsalai,6,2018-12-21T06:25:00Z,2018-12-21,2018,11,10,214,1,22.763927,86.18805,0.298780487804878,4.71165644171779,1.92682926829268,-0.0358689939024401,-0.0212532012195084
180,Adityapur,10,2018-12-21T06:35:00Z,2018-12-21,2018,11,10,218,0,22.78303,86.151335,-0.701219512195122,4.71165644171779,1.92682926829268,-0.0167659939024389,-0.0579682012195093
182,Telco,5,2018-12-21T07:48:00Z,2018-12-21,2018,11,10,129,1,22.781598,86.232524,0.298780487804878,4.71165644171779,1.92682926829268,-0.0181979939024401,0.0232207987804856
183,Telco,5,2018-12-22T07:25:00Z,2018-12-22,2018,11,10,125,1,22.781598,86.232524,0.298780487804878,4.71165644171779,1.92682926829268,-0.0181979939024401,0.0232207987804856
184,Mango I,7,2018-12-22T06:35:00Z,2018-12-22,2018,11,10,229,0,22.830661,86.230961,-0.701219512195122,4.71165644171779,1.92682926829268,0.0308650060975602,0.0216577987804811
185,Mango I,7,2018-12-23T06:35:00Z,2018-12-23,2018,11,10,223,0,22.830661,86.230961,-0.701219512195122,4.71165644171779,1.92682926829268,0.0308650060975602,0.0216577987804811
186,Sonari,3,2018-12-22T06:40:00Z,2018-12-22,2018,11,10,141,1,22.819303,86.173785,0.298780487804878,4.71165644171779,1.92682926829268,0.0195070060975624,-0.0355182012195172
187,Sonari,3,2018-12-23T06:40:00Z,2018-12-23,2018,11,10,165,1,22.819303,86.173785,0.298780487804878,4.71165644171779,1.92682926829268,0.0195070060975624,-0.0355182012195172
188,Mango II,4,2018-12-22T06:20:00Z,2018-12-22,2018,11,10,207,0,22.830661,86.230961,-0.701219512195122,4.71165644171779,1.92682926829268,0.0308650060975602,0.0216577987804811
189,Mango II,4,2018-12-23T06:20:00Z,2018-12-23,2018,11,10,212,0,22.830661,86.230961,-0.701219512195122,4.71165644171779,1.92682926829268,0.0308650060975602,0.0216577987804811
190,Baridih,9,2018-12-24T06:45:00Z,2018-12-24,2018,11,10,106,1,22.805245,86.251201,0.298780487804878,4.71165644171779,1.92682926829268,0.00544900609756027,0.0418977987804823
191,Baridih,9,2018-12-25T06:45:00Z,2018-12-25,2018,11,10,159,1,22.805245,86.251201,0.298780487804878,4.71165644171779,1.92682926829268,0.00544900609756027,0.0418977987804823
